{"v":"5.6.6","fr":29.9700012207031,"ip":0,"op":50.0000020365418,"w":500,"h":500,"nm":"heart blood アイコン","ddd":0,"assets":[],"layers":[{"ddd":0,"ind":1,"ty":4,"nm":"heart graph","sr":1,"ks":{"o":{"a":0,"k":100,"ix":11},"r":{"a":0,"k":0,"ix":10},"p":{"a":0,"k":[249,251.5,0],"ix":2},"a":{"a":0,"k":[0,0,0],"ix":1},"s":{"a":0,"k":[100,100,100],"ix":6}},"ao":0,"shapes":[{"ty":"gr","it":[{"ind":0,"ty":"sh","ix":1,"ks":{"a":0,"k":{"i":[[0,0],[-8,23.5],[-3.5,-45.5],[-4.387,14.257],[-5.141,-0.907],[0,0]],"o":[[0,0],[10.915,-32.064],[2.727,35.452],[6,-19.5],[17,3],[0,0]],"v":[[-115.5,33],[-70.5,7.5],[-45,50],[-19.5,29.5],[0,32.5],[26,32]],"c":false},"ix":2},"nm":"パス 1","mn":"ADBE Vector Shape - Group","hd":false},{"ty":"st","c":{"a":0,"k":[1,1,1,1],"ix":3},"o":{"a":0,"k":100,"ix":4},"w":{"a":0,"k":5,"ix":5},"lc":1,"lj":1,"ml":4,"bm":0,"nm":"線 1","mn":"ADBE Vector Graphic - Stroke","hd":false},{"ty":"tr","p":{"a":0,"k":[0,0],"ix":2},"a":{"a":0,"k":[0,0],"ix":1},"s":{"a":0,"k":[100,100],"ix":3},"r":{"a":0,"k":0,"ix":6},"o":{"a":0,"k":100,"ix":7},"sk":{"a":0,"k":0,"ix":4},"sa":{"a":0,"k":0,"ix":5},"nm":"トランスフォーム"}],"nm":"シェイプ 1","np":3,"cix":2,"bm":0,"ix":1,"mn":"ADBE Vector Group","hd":false},{"ty":"tm","s":{"a":1,"k":[{"i":{"x":[0.667],"y":[1]},"o":{"x":[0.333],"y":[0]},"t":5,"s":[0]},{"t":43.0000017514259,"s":[0]}],"ix":1},"e":{"a":1,"k":[{"i":{"x":[0.685],"y":[0.985]},"o":{"x":[0.129],"y":[1.192]},"t":0,"s":[0]},{"t":38.0000015477717,"s":[100]}],"ix":2},"o":{"a":0,"k":0,"ix":3},"m":1,"ix":2,"nm":"パスのトリミング 1","mn":"ADBE Vector Filter - Trim","hd":false},{"ty":"rd","nm":"角を丸くする 1","r":{"a":0,"k":10,"ix":1},"ix":3,"mn":"ADBE Vector Filter - RC","hd":false}],"ip":0,"op":200.000008146167,"st":0,"bm":0},{"ddd":0,"ind":2,"ty":4,"nm":"heart dot","parent":1,"sr":1,"ks":{"o":{"a":0,"k":100,"ix":11},"r":{"a":0,"k":0,"ix":10},"p":{"a":0,"k":[45.609,31.373,0],"ix":2},"a":{"a":0,"k":[0,0,0],"ix":1},"s":{"a":1,"k":[{"i":{"x":[0.525,0.525,0.667],"y":[0.989,0.989,-13.205]},"o":{"x":[0.172,0.172,0.333],"y":[0.287,0.287,0]},"t":32,"s":[0,0,100]},{"i":{"x":[0.65,0.65,0.667],"y":[1.004,1.004,1]},"o":{"x":[0.316,0.316,0.333],"y":[-0.016,-0.016,9.47]},"t":38,"s":[142.038,142.038,100]},{"t":42.0000017106951,"s":[100,100,100]}],"ix":6}},"ao":0,"shapes":[{"ty":"gr","it":[{"ind":0,"ty":"sh","ix":1,"ks":{"a":0,"k":{"i":[[-2.053,0],[0,-2.053],[2.053,0],[0,2.053]],"o":[[2.053,0],[0,2.053],[-2.053,0],[0,-2.053]],"v":[[0,-3.717],[3.717,0],[0,3.717],[-3.717,0]],"c":true},"ix":2},"nm":"パス 1","mn":"ADBE Vector Shape - Group","hd":false},{"ty":"fl","c":{"a":0,"k":[1,1,1,1],"ix":4},"o":{"a":0,"k":100,"ix":5},"r":1,"bm":0,"nm":"塗り 1","mn":"ADBE Vector Graphic - Fill","hd":false},{"ty":"tr","p":{"a":0,"k":[0,0],"ix":2},"a":{"a":0,"k":[0,0],"ix":1},"s":{"a":0,"k":[100,100],"ix":3},"r":{"a":0,"k":0,"ix":6},"o":{"a":0,"k":100,"ix":7},"sk":{"a":0,"k":0,"ix":4},"sa":{"a":0,"k":0,"ix":5},"nm":"トランスフォーム"}],"nm":"グループ 1","np":2,"cix":2,"bm":0,"ix":1,"mn":"ADBE Vector Group","hd":false}],"ip":0,"op":200.000008146167,"st":0,"bm":0},{"ddd":0,"ind":3,"ty":4,"nm":"drop - outline","sr":1,"ks":{"o":{"a":0,"k":100,"ix":11},"r":{"a":0,"k":0,"ix":10},"p":{"a":0,"k":[250,250,0],"ix":2},"a":{"a":0,"k":[0,0,0],"ix":1},"s":{"a":0,"k":[100,100,100],"ix":6}},"ao":0,"shapes":[{"ty":"gr","it":[{"ind":0,"ty":"sh","ix":1,"ks":{"a":0,"k":{"i":[[7.627,-14.355],[0,0],[12.196,6.74],[2.297,4.157],[0,0],[-0.142,0.307],[-4.55,17.741],[-0.414,-0.103],[-0.069,-0.277],[-7.282,-16.805],[0,0]],"o":[[0,0],[-6.74,12.196],[-4.157,-2.297],[0,0],[-7.6,-14.307],[7.281,-16.805],[0.103,-0.414],[0.277,0.069],[4.548,17.741],[0,0],[0.115,0.247]],"v":[[140.851,108.711],[140.624,109.131],[106.338,119.01],[96.459,109.131],[96.227,108.702],[100.019,69.295],[117.792,17.395],[118.729,16.832],[119.292,17.395],[137.065,69.295],[137.093,69.358]],"c":true},"ix":2},"nm":"パス 1","mn":"ADBE Vector Shape - Group","hd":false},{"ind":1,"ty":"sh","ix":2,"ks":{"a":0,"k":{"i":[[4.452,17.365],[3.561,-0.034],[0,0],[0.852,-3.457],[7.118,-16.44],[-9.231,-17.376],[-0.097,-0.175],[-15.58,8.608],[-2.935,5.312],[-0.087,0.172],[0.715,1.557]],"o":[[-0.851,-3.458],[0,0],[-3.561,-0.034],[-4.449,17.354],[-0.528,1.143],[0.1,0.18],[8.608,15.58],[5.312,-2.935],[0.1,-0.178],[9.156,-17.236],[-7.124,-16.451]],"v":[[126.071,15.651],[118.542,9.809],[118.542,9.809],[111.013,15.651],[93.636,66.421],[90.044,111.983],[90.332,112.514],[134.128,125.137],[146.751,112.514],[147.038,111.985],[143.463,66.454]],"c":true},"ix":2},"nm":"パス 2","mn":"ADBE Vector Shape - Group","hd":false},{"ty":"fl","c":{"a":0,"k":[0.274509817362,0.286274522543,0.396078437567,1],"ix":4},"o":{"a":0,"k":100,"ix":5},"r":1,"bm":0,"nm":"塗り 1","mn":"ADBE Vector Graphic - Fill","hd":false},{"ty":"tr","p":{"a":0,"k":[0,0],"ix":2},"a":{"a":0,"k":[0,0],"ix":1},"s":{"a":0,"k":[100,100],"ix":3},"r":{"a":0,"k":0,"ix":6},"o":{"a":0,"k":100,"ix":7},"sk":{"a":0,"k":0,"ix":4},"sa":{"a":0,"k":0,"ix":5},"nm":"トランスフォーム"}],"nm":"グループ 1","np":3,"cix":2,"bm":0,"ix":1,"mn":"ADBE Vector Group","hd":false}],"ip":0,"op":200.000008146167,"st":0,"bm":0},{"ddd":0,"ind":4,"ty":4,"nm":"meter left","sr":1,"ks":{"o":{"a":0,"k":100,"ix":11},"r":{"a":1,"k":[{"i":{"x":[0.667],"y":[1]},"o":{"x":[0.333],"y":[0]},"t":0,"s":[0]},{"i":{"x":[0.667],"y":[1]},"o":{"x":[0.333],"y":[0]},"t":5,"s":[150]},{"i":{"x":[0.667],"y":[1]},"o":{"x":[0.333],"y":[0]},"t":11,"s":[30]},{"i":{"x":[0.667],"y":[1]},"o":{"x":[0.333],"y":[0]},"t":14,"s":[54]},{"i":{"x":[0.667],"y":[1]},"o":{"x":[0.333],"y":[0]},"t":22,"s":[0]},{"i":{"x":[0.667],"y":[1]},"o":{"x":[0.333],"y":[0]},"t":32,"s":[49]},{"i":{"x":[0.667],"y":[1]},"o":{"x":[0.333],"y":[0]},"t":38,"s":[39]},{"t":42.0000017106951,"s":[39]}],"ix":10},"p":{"a":0,"k":[347.405,175.608,0],"ix":2},"a":{"a":0,"k":[17.5,24.5,0],"ix":1},"s":{"a":0,"k":[100,100,100],"ix":6}},"ao":0,"shapes":[{"ty":"gr","it":[{"ind":0,"ty":"sh","ix":1,"ks":{"a":0,"k":{"i":[[-0.695,-0.042],[-0.116,1.93],[1.93,0.116],[0.835,0],[5.571,-16.742],[-1.834,-0.612],[-0.612,1.834],[-14.63,-0.018]],"o":[[1.93,0.116],[0.116,-1.93],[-0.834,-0.05],[-17.644,-0.02],[-0.612,1.834],[1.834,0.612],[4.62,-13.882],[0.695,0]],"v":[[18.727,-9.245],[22.431,-12.529],[19.147,-16.233],[16.631,-16.309],[-22.256,11.7],[-20.043,16.128],[-15.615,13.915],[16.631,-9.308]],"c":true},"ix":2},"nm":"パス 1","mn":"ADBE Vector Shape - Group","hd":false},{"ty":"fl","c":{"a":0,"k":[0.274509817362,0.286274522543,0.396078437567,1],"ix":4},"o":{"a":0,"k":100,"ix":5},"r":1,"bm":0,"nm":"塗り 1","mn":"ADBE Vector Graphic - Fill","hd":false},{"ty":"tr","p":{"a":0,"k":[0,0],"ix":2},"a":{"a":0,"k":[0,0],"ix":1},"s":{"a":0,"k":[100,100],"ix":3},"r":{"a":0,"k":0,"ix":6},"o":{"a":0,"k":100,"ix":7},"sk":{"a":0,"k":0,"ix":4},"sa":{"a":0,"k":0,"ix":5},"nm":"トランスフォーム"}],"nm":"グループ 1","np":2,"cix":2,"bm":0,"ix":1,"mn":"ADBE Vector Group","hd":false}],"ip":0,"op":200.000008146167,"st":0,"bm":0},{"ddd":0,"ind":5,"ty":4,"nm":"meter right","parent":10,"sr":1,"ks":{"o":{"a":0,"k":100,"ix":11},"r":{"a":1,"k":[{"i":{"x":[0.667],"y":[1]},"o":{"x":[0.333],"y":[0]},"t":0,"s":[0]},{"i":{"x":[0.667],"y":[1]},"o":{"x":[0.333],"y":[0]},"t":5,"s":[150]},{"i":{"x":[0.667],"y":[1]},"o":{"x":[0.333],"y":[0]},"t":11,"s":[30]},{"i":{"x":[0.667],"y":[1]},"o":{"x":[0.333],"y":[0]},"t":14,"s":[54]},{"i":{"x":[0.667],"y":[1]},"o":{"x":[0.333],"y":[0]},"t":22,"s":[0]},{"i":{"x":[0.667],"y":[1]},"o":{"x":[0.333],"y":[0]},"t":32,"s":[49]},{"i":{"x":[0.667],"y":[1]},"o":{"x":[0.333],"y":[0]},"t":38,"s":[39]},{"t":42.0000017106951,"s":[39]}],"ix":10},"p":{"a":0,"k":[-0.046,1.221,0],"ix":2},"a":{"a":0,"k":[96.5,-73.5,0],"ix":1},"s":{"a":0,"k":[100,100,100],"ix":6}},"ao":0,"shapes":[{"ty":"gr","it":[{"ind":0,"ty":"sh","ix":1,"ks":{"a":0,"k":{"i":[[0.001,-1.361],[3.756,0.001],[-0.001,3.756],[-3.454,0.37],[0,0],[-1.754,-0.813],[-0.813,1.754],[0,0]],"o":[[-0.001,3.756],[-3.756,-0.001],[0.001,-3.474],[0,0],[-0.813,1.754],[1.754,0.813],[0,0],[0.767,1.125]],"v":[[103.349,-74.721],[96.547,-67.923],[89.749,-74.725],[95.824,-81.484],[95.667,-81.145],[97.37,-76.497],[102.018,-78.2],[102.174,-78.537]],"c":true},"ix":2},"nm":"パス 1","mn":"ADBE Vector Shape - Group","hd":false},{"ind":1,"ty":"sh","ix":2,"ks":{"a":0,"k":{"i":[[8.329,4.69],[0,0],[1.746,0.83],[0.83,-1.746],[0.009,-0.02],[0,0],[1.34,-7.499],[-7.499,-1.34],[-1.34,7.499],[3.841,3.17],[0,0],[-2.743,-7.229],[-1.802,0.7],[0.669,1.794]],"o":[[0,0],[0.83,-1.746],[-1.746,-0.83],[-0.009,0.02],[0,0],[-7.499,-1.34],[-1.34,7.499],[7.499,1.34],[0.876,-4.902],[0,0],[6.673,3.907],[0.7,1.802],[1.785,-0.693],[-3.39,-8.937]],"v":[[116.71,-109.888],[119.242,-115.349],[117.584,-120.013],[112.92,-118.354],[112.892,-118.294],[98.982,-88.294],[82.976,-77.142],[94.128,-61.136],[110.134,-72.288],[105.335,-85.354],[113.756,-103.516],[128.306,-86.307],[132.836,-84.312],[134.848,-88.797]],"c":true},"ix":2},"nm":"パス 2","mn":"ADBE Vector Shape - Group","hd":false},{"ty":"fl","c":{"a":0,"k":[0.274509817362,0.286274522543,0.396078437567,1],"ix":4},"o":{"a":0,"k":100,"ix":5},"r":1,"bm":0,"nm":"塗り 1","mn":"ADBE Vector Graphic - Fill","hd":false},{"ty":"tr","p":{"a":0,"k":[0,0],"ix":2},"a":{"a":0,"k":[0,0],"ix":1},"s":{"a":0,"k":[100,100],"ix":3},"r":{"a":0,"k":0,"ix":6},"o":{"a":0,"k":100,"ix":7},"sk":{"a":0,"k":0,"ix":4},"sa":{"a":0,"k":0,"ix":5},"nm":"トランスフォーム"}],"nm":"グループ 1","np":3,"cix":2,"bm":0,"ix":1,"mn":"ADBE Vector Group","hd":false}],"ip":0,"op":200.000008146167,"st":0,"bm":0},{"ddd":0,"ind":6,"ty":4,"nm":"heart-outline","sr":1,"ks":{"o":{"a":0,"k":100,"ix":11},"r":{"a":0,"k":0,"ix":10},"p":{"a":0,"k":[250,250,0],"ix":2},"a":{"a":0,"k":[0,0,0],"ix":1},"s":{"a":0,"k":[100,100,100],"ix":6}},"ao":0,"shapes":[{"ty":"gr","it":[{"ind":0,"ty":"sh","ix":1,"ks":{"a":0,"k":{"i":[[0,0],[-0.001,30.418],[-30.418,-0.001],[0,-30.417],[30.405,-0.034]],"o":[[-30.418,-0.001],[0.001,-30.418],[30.417,0.001],[-0.033,30.405],[0,0]],"v":[[96.546,-19.648],[41.471,-74.725],[96.548,-129.8],[151.623,-74.724],[96.546,-19.645]],"c":true},"ix":2},"nm":"パス 1","mn":"ADBE Vector Shape - Group","hd":false},{"ind":1,"ty":"sh","ix":2,"ks":{"a":0,"k":{"i":[[3.238,0.003],[0.002,-34.283],[-26.111,-7.973],[0,-0.101],[0,-0.102],[16.836,-12.598],[3.517,-2.014],[8.229,-9.632],[47.061,27.088],[3.25,2.423],[-1.94,21.52],[-18.849,9.607],[-3.979,1.046],[-8.625,-23.253],[-1.812,0.672],[-0.355,0.956],[-23.432,0],[0,0],[-0.005,1.933],[1.933,0.005],[0,0],[10.416,-16.977],[27.878,-7.244],[4.112,-2.112],[1.881,-23.498],[-19.262,-14.361],[-3.761,-2.156],[-0.265,-0.344],[-1.533,1.178],[-0.186,0.241],[-55.309,31.836],[-3.476,2.591],[1.409,23.288],[1.516,4.982],[-5.373,33.859],[33.859,5.373]],"o":[[-34.283,-0.002],[-0.001,27.301],[3.8,7.194],[0,0.101],[1.315,20.987],[-3.25,2.423],[-47.06,27.088],[-8.224,-9.632],[-3.517,-2.015],[-17.322,-12.917],[1.681,-21.089],[3.661,-1.879],[27.4,-7.119],[0.672,1.812],[0.956,-0.355],[6.568,-17.705],[0,0],[1.933,0.005],[0.005,-1.933],[0,0],[-23.126,0],[-13.046,-22.348],[-4.47,1.177],[-21.006,10.698],[-2.153,23.93],[3.476,2.59],[55.309,31.837],[1.178,1.533],[0.241,-0.186],[0.265,-0.344],[3.761,-2.156],[18.681,-13.976],[0.021,-5.208],[33.859,5.373],[5.372,-33.859],[-3.198,-0.507]],"v":[[96.546,-136.8],[34.468,-74.728],[78.415,-15.356],[82.015,1.917],[82.015,2.224],[57.142,56.044],[46.982,62.706],[-34.747,127.782],[-116.476,62.706],[-126.636,56.044],[-151.391,0.623],[-118.352,-48.777],[-106.858,-53.177],[-38.028,-22.345],[-33.529,-20.281],[-31.465,-22.345],[22.867,-54.372],[23.173,-54.372],[26.682,-57.863],[23.19,-61.372],[22.877,-61.372],[-34.692,-31.572],[-108.619,-59.948],[-121.53,-55],[-158.362,0.033],[-130.828,61.655],[-119.963,68.78],[-37.518,135.435],[-32.61,136.078],[-31.967,135.435],[50.478,68.781],[61.343,61.655],[89.015,1.955],[86.76,-13.417],[157.796,-64.997],[106.216,-136.033]],"c":true},"ix":2},"nm":"パス 2","mn":"ADBE Vector Shape - Group","hd":false},{"ty":"fl","c":{"a":0,"k":[0.274509817362,0.286274522543,0.396078437567,1],"ix":4},"o":{"a":0,"k":100,"ix":5},"r":1,"bm":0,"nm":"塗り 1","mn":"ADBE Vector Graphic - Fill","hd":false},{"ty":"tr","p":{"a":0,"k":[0,0],"ix":2},"a":{"a":0,"k":[0,0],"ix":1},"s":{"a":0,"k":[100,100],"ix":3},"r":{"a":0,"k":0,"ix":6},"o":{"a":0,"k":100,"ix":7},"sk":{"a":0,"k":0,"ix":4},"sa":{"a":0,"k":0,"ix":5},"nm":"トランスフォーム"}],"nm":"グループ 1","np":3,"cix":2,"bm":0,"ix":1,"mn":"ADBE Vector Group","hd":false}],"ip":0,"op":200.000008146167,"st":0,"bm":0},{"ddd":0,"ind":7,"ty":4,"nm":"drop reflect","sr":1,"ks":{"o":{"a":0,"k":100,"ix":11},"r":{"a":0,"k":0,"ix":10},"p":{"a":0,"k":[357.023,346.533,0],"ix":2},"a":{"a":0,"k":[0,0,0],"ix":1},"s":{"a":1,"k":[{"i":{"x":[0.667,0.667,0.667],"y":[1,1,1]},"o":{"x":[0.333,0.333,0.333],"y":[0,0,0]},"t":35,"s":[0,0,100]},{"i":{"x":[0.667,0.667,0.667],"y":[1,1,1]},"o":{"x":[0.333,0.333,0.333],"y":[0,0,0]},"t":39,"s":[132,132,100]},{"i":{"x":[0.833,0.833,0.833],"y":[1,1,1]},"o":{"x":[0.167,0.167,0.167],"y":[0,0,0]},"t":43,"s":[90,90,100]},{"t":46.0000018736184,"s":[100,100,100]}],"ix":6}},"ao":0,"shapes":[{"ty":"gr","it":[{"ind":0,"ty":"sh","ix":1,"ks":{"a":0,"k":{"i":[[-3.963,1.515],[-1.893,-4.954],[3.963,-1.515],[1.893,4.954]],"o":[[3.963,-1.515],[1.893,4.954],[-3.963,1.515],[-1.893,-4.954]],"v":[[-3.428,-8.97],[7.176,-2.742],[3.428,8.97],[-7.176,2.742]],"c":true},"ix":2},"nm":"パス 1","mn":"ADBE Vector Shape - Group","hd":false},{"ty":"fl","c":{"a":0,"k":[1,1,1,1],"ix":4},"o":{"a":0,"k":100,"ix":5},"r":1,"bm":0,"nm":"塗り 1","mn":"ADBE Vector Graphic - Fill","hd":false},{"ty":"tr","p":{"a":0,"k":[0,0],"ix":2},"a":{"a":0,"k":[0,0],"ix":1},"s":{"a":0,"k":[100,100],"ix":3},"r":{"a":0,"k":0,"ix":6},"o":{"a":0,"k":100,"ix":7},"sk":{"a":0,"k":0,"ix":4},"sa":{"a":0,"k":0,"ix":5},"nm":"トランスフォーム"}],"nm":"グループ 1","np":2,"cix":2,"bm":0,"ix":1,"mn":"ADBE Vector Group","hd":false}],"ip":0,"op":200.000008146167,"st":0,"bm":0},{"ddd":0,"ind":8,"ty":4,"nm":"drop base","sr":1,"ks":{"o":{"a":0,"k":100,"ix":11},"r":{"a":0,"k":0,"ix":10},"p":{"a":0,"k":[368.542,319.482,0],"ix":2},"a":{"a":0,"k":[0,0,0],"ix":1},"s":{"a":0,"k":[100,100,100],"ix":6}},"ao":0,"shapes":[{"ty":"gr","it":[{"ind":0,"ty":"sh","ix":1,"ks":{"a":0,"k":{"i":[[0,0],[4.496,17.56],[2.286,-0.584],[0.387,-1.513],[7.212,-16.63],[-8.523,-16.046],[-0.087,-0.158],[-10.921,19.778],[-0.085,0.161]],"o":[[-7.211,-16.63],[-0.584,-2.286],[-1.513,0.387],[-4.496,17.56],[0,0],[0.086,0.161],[10.921,19.778],[0.087,-0.158],[8.525,-16.044]],"v":[[21.728,-1.593],[4.139,-52.959],[-1.058,-56.04],[-4.139,-52.959],[-21.729,-1.593],[-25.406,40.862],[-25.146,41.341],[25.146,41.341],[25.405,40.862]],"c":true},"ix":2},"nm":"パス 1","mn":"ADBE Vector Shape - Group","hd":false},{"ty":"tr","p":{"a":0,"k":[0,0],"ix":2},"a":{"a":0,"k":[0,0],"ix":1},"s":{"a":0,"k":[100,100],"ix":3},"r":{"a":0,"k":0,"ix":6},"o":{"a":0,"k":100,"ix":7},"sk":{"a":0,"k":0,"ix":4},"sa":{"a":0,"k":0,"ix":5},"nm":"トランスフォーム"}],"nm":"グループ 1","np":1,"cix":2,"bm":0,"ix":1,"mn":"ADBE Vector Group","hd":false},{"ty":"fl","c":{"a":0,"k":[0.937254965305,0.309803932905,0.498039245605,1],"ix":4},"o":{"a":0,"k":100,"ix":5},"r":1,"bm":0,"nm":"塗り 1","mn":"ADBE Vector Graphic - Fill","hd":false}],"ip":0,"op":200.000008146167,"st":0,"bm":0},{"ddd":0,"ind":10,"ty":4,"nm":"meter center","sr":1,"ks":{"o":{"a":0,"k":100,"ix":11},"r":{"a":0,"k":0,"ix":10},"p":{"a":0,"k":[346.546,175.279,0],"ix":2},"a":{"a":0,"k":[0,0,0],"ix":1},"s":{"a":0,"k":[100,100,100],"ix":6}},"ao":0,"shapes":[{"ty":"gr","it":[{"ind":0,"ty":"sh","ix":1,"ks":{"a":0,"k":{"i":[[-5.69,0],[0,-5.69],[5.69,0],[0,5.69]],"o":[[5.69,0],[0,5.69],[-5.69,0],[0,-5.69]],"v":[[0,-10.302],[10.302,0],[0,10.302],[-10.302,0]],"c":true},"ix":2},"nm":"パス 1","mn":"ADBE Vector Shape - Group","hd":false},{"ty":"fl","c":{"a":0,"k":[0.274509817362,0.286274522543,0.396078437567,1],"ix":4},"o":{"a":0,"k":100,"ix":5},"r":1,"bm":0,"nm":"塗り 1","mn":"ADBE Vector Graphic - Fill","hd":false},{"ty":"tr","p":{"a":0,"k":[0,0],"ix":2},"a":{"a":0,"k":[0,0],"ix":1},"s":{"a":0,"k":[100,100],"ix":3},"r":{"a":0,"k":0,"ix":6},"o":{"a":0,"k":100,"ix":7},"sk":{"a":0,"k":0,"ix":4},"sa":{"a":0,"k":0,"ix":5},"nm":"トランスフォーム"}],"nm":"グループ 1","np":2,"cix":2,"bm":0,"ix":1,"mn":"ADBE Vector Group","hd":false}],"ip":0,"op":200.000008146167,"st":0,"bm":0},{"ddd":0,"ind":11,"ty":4,"nm":"icons 2","sr":1,"ks":{"o":{"a":0,"k":100,"ix":11},"r":{"a":0,"k":0,"ix":10},"p":{"a":0,"k":[346.546,175.279,0],"ix":2},"a":{"a":0,"k":[0,0,0],"ix":1},"s":{"a":0,"k":[100,100,100],"ix":6}},"ao":0,"shapes":[{"ty":"gr","it":[{"ind":0,"ty":"sh","ix":1,"ks":{"a":0,"k":{"i":[[-32.351,0],[0,-32.351],[32.351,0],[0,32.351]],"o":[[32.351,0],[0,32.351],[-32.351,0],[0,-32.351]],"v":[[0,-58.576],[58.576,0],[0,58.576],[-58.576,0]],"c":true},"ix":2},"nm":"パス 1","mn":"ADBE Vector Shape - Group","hd":false},{"ty":"fl","c":{"a":0,"k":[1,1,1,1],"ix":4},"o":{"a":0,"k":100,"ix":5},"r":1,"bm":0,"nm":"塗り 1","mn":"ADBE Vector Graphic - Fill","hd":false},{"ty":"tr","p":{"a":0,"k":[0,0],"ix":2},"a":{"a":0,"k":[0,0],"ix":1},"s":{"a":0,"k":[100,100],"ix":3},"r":{"a":0,"k":0,"ix":6},"o":{"a":0,"k":100,"ix":7},"sk":{"a":0,"k":0,"ix":4},"sa":{"a":0,"k":0,"ix":5},"nm":"トランスフォーム"}],"nm":"グループ 1","np":2,"cix":2,"bm":0,"ix":1,"mn":"ADBE Vector Group","hd":false}],"ip":0,"op":200.000008146167,"st":0,"bm":0},{"ddd":0,"ind":12,"ty":4,"nm":"heart base","sr":1,"ks":{"o":{"a":0,"k":100,"ix":11},"r":{"a":0,"k":0,"ix":10},"p":{"a":0,"k":[215.258,288.078,0],"ix":2},"a":{"a":0,"k":[0,0,0],"ix":1},"s":{"a":0,"k":[100,100,100],"ix":6}},"ao":0,"shapes":[{"ty":"gr","it":[{"ind":0,"ty":"sh","ix":1,"ks":{"a":0,"k":{"i":[[42.955,21.931],[4.225,1.108],[8.93,-24.07],[29.891,-7.767],[3.885,-1.996],[-38.603,-28.912],[-3.64,-2.084],[0,0],[-56.66,32.614],[-3.362,2.507]],"o":[[-3.885,-1.996],[-29.895,-7.765],[-8.929,-24.072],[-4.225,1.108],[-42.963,21.931],[3.362,2.507],[56.66,32.614],[0,0],[3.64,-2.084],[38.602,-28.912]],"v":[[85.195,-89.296],[72.995,-93.966],[0.003,-60.966],[-72.988,-93.966],[-85.188,-89.296],[-93.988,21.44],[-83.475,28.334],[-0.001,95.89],[83.474,28.334],[93.987,21.44]],"c":true},"ix":2},"nm":"パス 1","mn":"ADBE Vector Shape - Group","hd":false},{"ty":"fl","c":{"a":0,"k":[0.937254965305,0.309803932905,0.498039245605,1],"ix":4},"o":{"a":0,"k":100,"ix":5},"r":1,"bm":0,"nm":"塗り 1","mn":"ADBE Vector Graphic - Fill","hd":false},{"ty":"tr","p":{"a":0,"k":[0,0],"ix":2},"a":{"a":0,"k":[0,0],"ix":1},"s":{"a":0,"k":[100,100],"ix":3},"r":{"a":0,"k":0,"ix":6},"o":{"a":0,"k":100,"ix":7},"sk":{"a":0,"k":0,"ix":4},"sa":{"a":0,"k":0,"ix":5},"nm":"トランスフォーム"}],"nm":"グループ 1","np":2,"cix":2,"bm":0,"ix":1,"mn":"ADBE Vector Group","hd":false}],"ip":0,"op":200.000008146167,"st":0,"bm":0}],"markers":[]}