{
  "project_info": {
    "project_number": "1063617260522",
    "project_id": "bloodbank-2299",
    "storage_bucket": "bloodbank-2299.appspot.com"
  },
  "client": [
    {
      "client_info": {
        "mobilesdk_app_id": "1:1063617260522:android:1f9fafb3832bb6b0e96093",
        "android_client_info": {
          "package_name": "com.bloodbank.project"
        }
      },
      "oauth_client": [
        {
          "client_id": "1063617260522-bc0tb0hkmhapthkskp8kr04o55gs4vmo.apps.googleusercontent.com",
          "client_type": 3
        }
      ],
      "api_key": [
        {
          "current_key": "AIzaSyCZKh6xzqwLWrWIUmXGui9240lh5enq6mQ"
        }
      ],
      "services": {
        "appinvite_service": {
          "other_platform_oauth_client": [
            {
              "client_id": "1063617260522-bc0tb0hkmhapthkskp8kr04o55gs4vmo.apps.googleusercontent.com",
              "client_type": 3
            }
          ]
        }
      }
    }
  ],
  "configuration_version": "1"
}